-- phpMyAdmin SQL Dump
-- version 3.5.1
-- http://www.phpmyadmin.net
--
-- Servidor: localhost
-- Tiempo de generación: 10-06-2014 a las 17:20:22
-- Versión del servidor: 5.5.24-log
-- Versión de PHP: 5.4.3

SET SQL_MODE="NO_AUTO_VALUE_ON_ZERO";
SET time_zone = "+00:00";


/*!40101 SET @OLD_CHARACTER_SET_CLIENT=@@CHARACTER_SET_CLIENT */;
/*!40101 SET @OLD_CHARACTER_SET_RESULTS=@@CHARACTER_SET_RESULTS */;
/*!40101 SET @OLD_COLLATION_CONNECTION=@@COLLATION_CONNECTION */;
/*!40101 SET NAMES utf8 */;

--
-- Base de datos: `mepregunto2`
--

-- --------------------------------------------------------

--
-- Estructura de tabla para la tabla `answers`
--

CREATE TABLE IF NOT EXISTS `answers` (
  `idanswer` int(11) NOT NULL AUTO_INCREMENT,
  `answer` text COLLATE utf8_spanish_ci NOT NULL,
  `idautor` int(11) NOT NULL,
  `idquestion` int(11) NOT NULL,
  `datetime` datetime NOT NULL,
  PRIMARY KEY (`idanswer`),
  KEY `idautor` (`idautor`),
  KEY `idquestion` (`idquestion`)
) ENGINE=InnoDB  DEFAULT CHARSET=utf8 COLLATE=utf8_spanish_ci AUTO_INCREMENT=13 ;

--
-- Volcado de datos para la tabla `answers`
--

INSERT INTO `answers` (`idanswer`, `answer`, `idautor`, `idquestion`, `datetime`) VALUES
(1, 'Esta es la primera respuesta a la pregunta', 3, 38, '2014-06-08 00:35:40'),
(2, 'Esta es la segunda respuesta a la pregunta', 3, 38, '2014-06-08 00:36:20'),
(3, 'Esta es la tercera respuesta', 1, 38, '2014-06-08 00:37:22'),
(4, 'Esta es la cuarta respuesta', 1, 38, '2014-06-08 00:37:42'),
(5, 'Esta es la quinta respuesta', 1, 38, '2014-06-08 00:41:12'),
(6, 'Esta es la sexta pregunta', 4, 38, '2014-06-08 00:48:16'),
(7, 'Esta es la septima respuesta', 4, 38, '2014-06-08 00:48:33'),
(8, 'Esta es la octava respuesta', 4, 38, '2014-06-08 00:48:43'),
(9, 'Esta es la novena respuesta', 5, 38, '2014-06-08 00:49:54'),
(10, 'Esta es la décima respuesta', 5, 38, '2014-06-08 00:50:08'),
(11, 'Esta es la undecima respuesta', 5, 38, '2014-06-08 00:50:18'),
(12, 'Esta es la duodecima respuesta', 5, 38, '2014-06-08 00:55:57');

-- --------------------------------------------------------

--
-- Estructura de tabla para la tabla `categories`
--

CREATE TABLE IF NOT EXISTS `categories` (
  `idcategory` int(11) NOT NULL AUTO_INCREMENT,
  `name` varchar(25) COLLATE utf8_spanish_ci NOT NULL,
  `description` text COLLATE utf8_spanish_ci NOT NULL,
  PRIMARY KEY (`idcategory`)
) ENGINE=InnoDB  DEFAULT CHARSET=utf8 COLLATE=utf8_spanish_ci AUTO_INCREMENT=5 ;

--
-- Volcado de datos para la tabla `categories`
--

INSERT INTO `categories` (`idcategory`, `name`, `description`) VALUES
(1, 'Categoría Uno', 'Esta es la categoría uno, aqui se habla de todo lo \r\n\r\nrelacionado con la categoría uno.'),
(2, 'Categoría Dos', ' Esta es la categoría dos, aquí se habla de todo lo \r\n\r\nrelacionado con la categoría dos.'),
(3, 'Categoría Tres', '  Esta es la categoría tres, aquí se habla de todo lo \r\n\r\nrelacionado con la categoría tres.'),
(4, 'Categoría Cuatro', ' Esta es la categoría cuatro, aquí se habla de todo lo \r\n\r\nrelacionado con la categoría cuatro.');

-- --------------------------------------------------------

--
-- Estructura de tabla para la tabla `likes`
--

CREATE TABLE IF NOT EXISTS `likes` (
  `idlike` int(11) NOT NULL AUTO_INCREMENT,
  `idanswer` int(11) NOT NULL,
  `iduser` int(11) NOT NULL,
  `datetime` datetime NOT NULL,
  PRIMARY KEY (`idlike`),
  KEY `idanswer` (`idanswer`),
  KEY `iduser` (`iduser`)
) ENGINE=InnoDB  DEFAULT CHARSET=utf8 COLLATE=utf8_spanish_ci AUTO_INCREMENT=2 ;

--
-- Volcado de datos para la tabla `likes`
--

INSERT INTO `likes` (`idlike`, `idanswer`, `iduser`, `datetime`) VALUES
(1, 11, 5, '2014-06-08 01:58:22');

-- --------------------------------------------------------

--
-- Estructura de tabla para la tabla `questions`
--

CREATE TABLE IF NOT EXISTS `questions` (
  `idquestion` int(11) NOT NULL AUTO_INCREMENT,
  `question` text COLLATE utf8_spanish_ci NOT NULL,
  `questiontext` text COLLATE utf8_spanish_ci NOT NULL,
  `idcategory` int(11) NOT NULL,
  `idautor` int(11) NOT NULL,
  `datetime` datetime NOT NULL,
  `views` int(11) NOT NULL,
  PRIMARY KEY (`idquestion`),
  KEY `idcategory` (`idcategory`),
  KEY `idautor` (`idautor`)
) ENGINE=InnoDB  DEFAULT CHARSET=utf8 COLLATE=utf8_spanish_ci AUTO_INCREMENT=39 ;

--
-- Volcado de datos para la tabla `questions`
--

INSERT INTO `questions` (`idquestion`, `question`, `questiontext`, `idcategory`, `idautor`, `datetime`, `views`) VALUES
(1, '¿Esta es la primera pregunta que realizo en esta categoría?', '¿Esta es la \r\n\r\nprimera pregunta que realizo en esta categoría? ¿Esta es la primera pregunta que \r\n\r\nrealizo en esta categoría? ¿Esta es la primera pregunta que realizo en esta \r\n\r\ncategoría? ¿Esta es la primera pregunta que realizo en esta categoría? ¿Esta es \r\n\r\nla primera pregunta que realizo en esta categoría? ¿Esta es la primera pregunta \r\n\r\nque realizo en esta categoría? ¿Esta es la primera pregunta que realizo en esta \r\n\r\ncategoría? ¿Esta es la primera pregunta que realizo en esta categoría? ¿Esta es \r\n\r\nla primera pregunta que realizo en esta categoría? ¿Esta es la primera pregunta \r\n\r\nque realizo en esta categoría? ¿Esta es la primera pregunta que realizo en esta \r\n\r\ncategoría? ¿Esta es la primera pregunta que realizo en esta categoría? ¿Esta es \r\n\r\nla primera pregunta que realizo en esta categoría? ¿Esta es la primera pregunta \r\n\r\nque realizo en esta categoría? ¿Esta es la primera pregunta que realizo en esta \r\n\r\ncategoría? ¿Esta es la primera pregunta que realizo en esta categoría?', 1, 1, '2014-06-07 21:50:43', 1),
(2, '¿Esta es la primera pregunta que realizo en esta categoría?', '¿Esta es la \r\n\r\nprimera pregunta que realizo en esta categoría? ¿Esta es la primera pregunta que \r\n\r\nrealizo en esta categoría? ¿Esta es la primera pregunta que realizo en esta \r\n\r\ncategoría? ¿Esta es la primera pregunta que realizo en esta categoría? ¿Esta es \r\n\r\nla primera pregunta que realizo en esta categoría? ¿Esta es la primera pregunta \r\n\r\nque realizo en esta categoría? ¿Esta es la primera pregunta que realizo en esta \r\n\r\ncategoría? ¿Esta es la primera pregunta que realizo en esta categoría? ¿Esta es \r\n\r\nla primera pregunta que realizo en esta categoría? ¿Esta es la primera pregunta \r\n\r\nque realizo en esta categoría? ¿Esta es la primera pregunta que realizo en esta \r\n\r\ncategoría? ¿Esta es la primera pregunta que realizo en esta categoría? ¿Esta es \r\n\r\nla primera pregunta que realizo en esta categoría? ¿Esta es la primera pregunta \r\n\r\nque realizo en esta categoría? ¿Esta es la primera pregunta que realizo en esta \r\n\r\ncategoría? ¿Esta es la primera pregunta que realizo en esta categoría? ¿Esta es \r\n\r\nla primera pregunta que realizo en esta categoría? ¿Esta es la primera pregunta \r\n\r\nque realizo en esta categoría? ¿Esta es la primera pregunta que realizo en esta \r\n\r\ncategoría? ¿Esta es la primera pregunta que realizo en esta categoría? ¿Esta es \r\n\r\nla primera pregunta que realizo en esta categoría? ¿Esta es la primera pregunta \r\n\r\nque realizo en esta categoría? ¿Esta es la primera pregunta que realizo en esta \r\n\r\ncategoría? ¿Esta es la primera pregunta que realizo en esta categoría? ¿Esta es \r\n\r\nla primera pregunta que realizo en esta categoría? ¿Esta es la primera pregunta \r\n\r\nque realizo en esta categoría? ¿Esta es la primera pregunta que realizo en esta \r\n\r\ncategoría? ¿Esta es la primera pregunta que realizo en esta categoría? ¿Esta es \r\n\r\nla primera pregunta que realizo en esta categoría? ¿Esta es la primera pregunta \r\n\r\nque realizo en esta categoría? ¿Esta es la primera pregunta que realizo en esta \r\n\r\ncategoría? ¿Esta es la primera pregunta que realizo en esta categoría? ¿Esta es \r\n\r\nla primera pregunta que realizo en esta categoría? ', 2, 1, '2014-06-07 21:51:40', 1),
(3, '¿Esta es la primera pregunta que realizo en esta categoría? ', '¿Esta es la \r\n\r\nprimera pregunta que realizo en esta categoría? ¿Esta es la primera pregunta que \r\n\r\nrealizo en esta categoría? ¿Esta es la primera pregunta que realizo en esta \r\n\r\ncategoría? ¿Esta es la primera pregunta que realizo en esta categoría? ¿Esta es \r\n\r\nla primera pregunta que realizo en esta categoría? ¿Esta es la primera pregunta \r\n\r\nque realizo en esta categoría? ¿Esta es la primera pregunta que realizo en esta \r\n\r\ncategoría? ¿Esta es la primera pregunta que realizo en esta categoría? ¿Esta es \r\n\r\nla primera pregunta que realizo en esta categoría? ¿Esta es la primera pregunta \r\n\r\nque realizo en esta categoría? ¿Esta es la primera pregunta que realizo en esta \r\n\r\ncategoría? ¿Esta es la primera pregunta que realizo en esta categoría? ¿Esta es \r\n\r\nla primera pregunta que realizo en esta categoría? ¿Esta es la primera pregunta \r\n\r\nque realizo en esta categoría? ¿Esta es la primera pregunta que realizo en esta \r\n\r\ncategoría? ¿Esta es la primera pregunta que realizo en esta categoría? ¿Esta es \r\n\r\nla primera pregunta que realizo en esta categoría? ¿Esta es la primera pregunta \r\n\r\nque realizo en esta categoría? ¿Esta es la primera pregunta que realizo en esta \r\n\r\ncategoría? ¿Esta es la primera pregunta que realizo en esta categoría? ¿Esta es \r\n\r\nla primera pregunta que realizo en esta categoría? ¿Esta es la primera pregunta \r\n\r\nque realizo en esta categoría? ¿Esta es la primera pregunta que realizo en esta \r\n\r\ncategoría? ¿Esta es la primera pregunta que realizo en esta categoría? ¿Esta es \r\n\r\nla primera pregunta que realizo en esta categoría? ', 3, 1, '2014-06-07 21:52:10', 1),
(4, '¿Esta es la primera pregunta que realizo en esta categoría? ', '¿Esta es la \r\n\r\nprimera pregunta que realizo en esta categoría? ¿Esta es la primera pregunta que \r\n\r\nrealizo en esta categoría? ¿Esta es la primera pregunta que realizo en esta \r\n\r\ncategoría? ¿Esta es la primera pregunta que realizo en esta categoría? ¿Esta es \r\n\r\nla primera pregunta que realizo en esta categoría? ¿Esta es la primera pregunta \r\n\r\nque realizo en esta categoría? ¿Esta es la primera pregunta que realizo en esta \r\n\r\ncategoría? ¿Esta es la primera pregunta que realizo en esta categoría? ¿Esta es \r\n\r\nla primera pregunta que realizo en esta categoría? ¿Esta es la primera pregunta \r\n\r\nque realizo en esta categoría? ¿Esta es la primera pregunta que realizo en esta \r\n\r\ncategoría? ¿Esta es la primera pregunta que realizo en esta categoría? ¿Esta es \r\n\r\nla primera pregunta que realizo en esta categoría? ¿Esta es la primera pregunta \r\n\r\nque realizo en esta categoría? ¿Esta es la primera pregunta que realizo en esta \r\n\r\ncategoría? ¿Esta es la primera pregunta que realizo en esta categoría? ¿Esta es \r\n\r\nla primera pregunta que realizo en esta categoría? ¿Esta es la primera pregunta \r\n\r\nque realizo en esta categoría? ¿Esta es la primera pregunta que realizo en esta \r\n\r\ncategoría? ¿Esta es la primera pregunta que realizo en esta categoría? ¿Esta es \r\n\r\nla primera pregunta que realizo en esta categoría? ¿Esta es la primera pregunta \r\n\r\nque realizo en esta categoría? ¿Esta es la primera pregunta que realizo en esta \r\n\r\ncategoría? ¿Esta es la primera pregunta que realizo en esta categoría? ¿Esta es \r\n\r\nla primera pregunta que realizo en esta categoría? ¿Esta es la primera pregunta \r\n\r\nque realizo en esta categoría? ¿Esta es la primera pregunta que realizo en esta \r\n\r\ncategoría? ¿Esta es la primera pregunta que realizo en esta categoría? ¿Esta es \r\n\r\nla primera pregunta que realizo en esta categoría? ¿Esta es la primera pregunta \r\n\r\nque realizo en esta categoría? ¿Esta es la primera pregunta que realizo en esta \r\n\r\ncategoría? ¿Esta es la primera pregunta que realizo en esta categoría? ¿Esta es \r\n\r\nla primera pregunta que realizo en esta categoría? ¿Esta es la primera pregunta \r\n\r\nque realizo en esta categoría? ', 4, 1, '2014-06-07 21:52:32', 1),
(5, '¿Esta es la segunda pregunta que realizo en esta categoría? ', '¿Esta es la \r\n\r\nsegunda pregunta que realizo en esta categoría? ¿Esta es la segunda pregunta que \r\n\r\nrealizo en esta categoría? ¿Esta es la segunda pregunta que realizo en esta \r\n\r\ncategoría? ¿Esta es la segunda pregunta que realizo en esta categoría? ¿Esta es \r\n\r\nla segunda pregunta que realizo en esta categoría? ¿Esta es la segunda pregunta \r\n\r\nque realizo en esta categoría? ¿Esta es la segunda pregunta que realizo en esta \r\n\r\ncategoría? ¿Esta es la segunda pregunta que realizo en esta categoría? ¿Esta es \r\n\r\nla segunda pregunta que realizo en esta categoría? ¿Esta es la segunda pregunta \r\n\r\nque realizo en esta categoría? ¿Esta es la segunda pregunta que realizo en esta \r\n\r\ncategoría? ¿Esta es la segunda pregunta que realizo en esta categoría? ¿Esta es \r\n\r\nla segunda pregunta que realizo en esta categoría? ¿Esta es la segunda pregunta \r\n\r\nque realizo en esta categoría? ¿Esta es la segunda pregunta que realizo en esta \r\n\r\ncategoría? ¿Esta es la segunda pregunta que realizo en esta categoría? ¿Esta es \r\n\r\nla segunda pregunta que realizo en esta categoría? ¿Esta es la segunda pregunta \r\n\r\nque realizo en esta categoría? ¿Esta es la segunda pregunta que realizo en esta \r\n\r\ncategoría? ¿Esta es la segunda pregunta que realizo en esta categoría? ¿Esta es \r\n\r\nla segunda pregunta que realizo en esta categoría? ¿Esta es la segunda pregunta \r\n\r\nque realizo en esta categoría? ¿Esta es la segunda pregunta que realizo en esta \r\n\r\ncategoría? ¿Esta es la segunda pregunta que realizo en esta categoría? ¿Esta es \r\n\r\nla segunda pregunta que realizo en esta categoría? ¿Esta es la segunda pregunta \r\n\r\nque realizo en esta categoría? ¿Esta es la segunda pregunta que realizo en esta \r\n\r\ncategoría? ¿Esta es la segunda pregunta que realizo en esta categoría? ¿Esta es \r\n\r\nla segunda pregunta que realizo en esta categoría? ¿Esta es la segunda pregunta \r\n\r\nque realizo en esta categoría? ', 1, 1, '2014-06-07 21:53:12', 1),
(6, '¿Esta es la segunda pregunta que realizo en esta categoría? ', '¿Esta es la \r\n\r\nsegunda pregunta que realizo en esta categoría? ¿Esta es la segunda pregunta que \r\n\r\nrealizo en esta categoría? ¿Esta es la segunda pregunta que realizo en esta \r\n\r\ncategoría? ¿Esta es la segunda pregunta que realizo en esta categoría? ¿Esta es \r\n\r\nla segunda pregunta que realizo en esta categoría? ¿Esta es la segunda pregunta \r\n\r\nque realizo en esta categoría? ¿Esta es la segunda pregunta que realizo en esta \r\n\r\ncategoría? ¿Esta es la segunda pregunta que realizo en esta categoría? ¿Esta es \r\n\r\nla segunda pregunta que realizo en esta categoría? ¿Esta es la segunda pregunta \r\n\r\nque realizo en esta categoría? ¿Esta es la segunda pregunta que realizo en esta \r\n\r\ncategoría? ¿Esta es la segunda pregunta que realizo en esta categoría? ¿Esta es \r\n\r\nla segunda pregunta que realizo en esta categoría? ¿Esta es la segunda pregunta \r\n\r\nque realizo en esta categoría? ¿Esta es la segunda pregunta que realizo en esta \r\n\r\ncategoría? ¿Esta es la segunda pregunta que realizo en esta categoría? ¿Esta es \r\n\r\nla segunda pregunta que realizo en esta categoría? ¿Esta es la segunda pregunta \r\n\r\nque realizo en esta categoría? ¿Esta es la segunda pregunta que realizo en esta \r\n\r\ncategoría? ¿Esta es la segunda pregunta que realizo en esta categoría? ¿Esta es \r\n\r\nla segunda pregunta que realizo en esta categoría? ¿Esta es la segunda pregunta \r\n\r\nque realizo en esta categoría? ¿Esta es la segunda pregunta que realizo en esta \r\n\r\ncategoría? ¿Esta es la segunda pregunta que realizo en esta categoría? ', 2, 1, '2014-06-07 21:53:34', 1),
(7, '¿Esta es la segunda pregunta que realizo en esta categoría? ', '¿Esta es la \r\n\r\nsegunda pregunta que realizo en esta categoría? ¿Esta es la segunda pregunta que \r\n\r\nrealizo en esta categoría? ¿Esta es la segunda pregunta que realizo en esta \r\n\r\ncategoría? ¿Esta es la segunda pregunta que realizo en esta categoría? ¿Esta es \r\n\r\nla segunda pregunta que realizo en esta categoría? ¿Esta es la segunda pregunta \r\n\r\nque realizo en esta categoría? ¿Esta es la segunda pregunta que realizo en esta \r\n\r\ncategoría? ¿Esta es la segunda pregunta que realizo en esta categoría? ¿Esta es \r\n\r\nla segunda pregunta que realizo en esta categoría? ¿Esta es la segunda pregunta \r\n\r\nque realizo en esta categoría? ¿Esta es la segunda pregunta que realizo en esta \r\n\r\ncategoría? ¿Esta es la segunda pregunta que realizo en esta categoría? ¿Esta es \r\n\r\nla segunda pregunta que realizo en esta categoría? ¿Esta es la segunda pregunta \r\n\r\nque realizo en esta categoría? ¿Esta es la segunda pregunta que realizo en esta \r\n\r\ncategoría? ¿Esta es la segunda pregunta que realizo en esta categoría? ¿Esta es \r\n\r\nla segunda pregunta que realizo en esta categoría? ¿Esta es la segunda pregunta \r\n\r\nque realizo en esta categoría? ¿Esta es la segunda pregunta que realizo en esta \r\n\r\ncategoría? ¿Esta es la segunda pregunta que realizo en esta categoría? ¿Esta es \r\n\r\nla segunda pregunta que realizo en esta categoría? ¿Esta es la segunda pregunta \r\n\r\nque realizo en esta categoría? ¿Esta es la segunda pregunta que realizo en esta \r\n\r\ncategoría? ¿Esta es la segunda pregunta que realizo en esta categoría? ¿Esta es \r\n\r\nla segunda pregunta que realizo en esta categoría? ¿Esta es la segunda pregunta \r\n\r\nque realizo en esta categoría? ¿Esta es la segunda pregunta que realizo en esta \r\n\r\ncategoría? ¿Esta es la segunda pregunta que realizo en esta categoría? ', 3, 1, '2014-06-07 21:54:17', 1),
(8, '¿Esta es la segunda pregunta que realizo en esta categoría? ', '¿Esta es la \r\n\r\nsegunda pregunta que realizo en esta categoría? ¿Esta es la segunda pregunta que \r\n\r\nrealizo en esta categoría? ¿Esta es la segunda pregunta que realizo en esta \r\n\r\ncategoría? ¿Esta es la segunda pregunta que realizo en esta categoría? ¿Esta es \r\n\r\nla segunda pregunta que realizo en esta categoría? ¿Esta es la segunda pregunta \r\n\r\nque realizo en esta categoría? ¿Esta es la segunda pregunta que realizo en esta \r\n\r\ncategoría? ¿Esta es la segunda pregunta que realizo en esta categoría? ¿Esta es \r\n\r\nla segunda pregunta que realizo en esta categoría? ¿Esta es la segunda pregunta \r\n\r\nque realizo en esta categoría? ¿Esta es la segunda pregunta que realizo en esta \r\n\r\ncategoría? ¿Esta es la segunda pregunta que realizo en esta categoría? ¿Esta es \r\n\r\nla segunda pregunta que realizo en esta categoría? ¿Esta es la segunda pregunta \r\n\r\nque realizo en esta categoría? ¿Esta es la segunda pregunta que realizo en esta \r\n\r\ncategoría? ¿Esta es la segunda pregunta que realizo en esta categoría? ¿Esta es \r\n\r\nla segunda pregunta que realizo en esta categoría? ¿Esta es la segunda pregunta \r\n\r\nque realizo en esta categoría? ¿Esta es la segunda pregunta que realizo en esta \r\n\r\ncategoría? ¿Esta es la segunda pregunta que realizo en esta categoría? ¿Esta es \r\n\r\nla segunda pregunta que realizo en esta categoría? ¿Esta es la segunda pregunta \r\n\r\nque realizo en esta categoría? ¿Esta es la segunda pregunta que realizo en esta \r\n\r\ncategoría? ¿Esta es la segunda pregunta que realizo en esta categoría? ¿Esta es \r\n\r\nla segunda pregunta que realizo en esta categoría? ¿Esta es la segunda pregunta \r\n\r\nque realizo en esta categoría? ', 4, 1, '2014-06-07 21:55:12', 1),
(9, '¿Esta es la tercera pregunta que realizo en esta categoría? ', '¿Esta es la \r\n\r\ntercera pregunta que realizo en esta categoría? ¿Esta es la tercera pregunta que \r\n\r\nrealizo en esta categoría? ¿Esta es la tercera pregunta que realizo en esta \r\n\r\ncategoría? ¿Esta es la tercera pregunta que realizo en esta categoría? ¿Esta es \r\n\r\nla tercera pregunta que realizo en esta categoría? ¿Esta es la tercera pregunta \r\n\r\nque realizo en esta categoría? ¿Esta es la tercera pregunta que realizo en esta \r\n\r\ncategoría? ¿Esta es la tercera pregunta que realizo en esta categoría? ¿Esta es \r\n\r\nla tercera pregunta que realizo en esta categoría? ¿Esta es la tercera pregunta \r\n\r\nque realizo en esta categoría? ¿Esta es la tercera pregunta que realizo en esta \r\n\r\ncategoría? ¿Esta es la tercera pregunta que realizo en esta categoría? ¿Esta es \r\n\r\nla tercera pregunta que realizo en esta categoría? ¿Esta es la tercera pregunta \r\n\r\nque realizo en esta categoría? ¿Esta es la tercera pregunta que realizo en esta \r\n\r\ncategoría? ¿Esta es la tercera pregunta que realizo en esta categoría? ¿Esta es \r\n\r\nla tercera pregunta que realizo en esta categoría? ¿Esta es la tercera pregunta \r\n\r\nque realizo en esta categoría? ¿Esta es la tercera pregunta que realizo en esta \r\n\r\ncategoría? ¿Esta es la tercera pregunta que realizo en esta categoría? ¿Esta es \r\n\r\nla tercera pregunta que realizo en esta categoría? ¿Esta es la tercera pregunta \r\n\r\nque realizo en esta categoría? ¿Esta es la tercera pregunta que realizo en esta \r\n\r\ncategoría? ¿Esta es la tercera pregunta que realizo en esta categoría? ¿Esta es \r\n\r\nla tercera pregunta que realizo en esta categoría? ¿Esta es la tercera pregunta \r\n\r\nque realizo en esta categoría? ¿Esta es la tercera pregunta que realizo en esta \r\n\r\ncategoría? ¿Esta es la tercera pregunta que realizo en esta categoría? ¿Esta es \r\n\r\nla tercera pregunta que realizo en esta categoría? ¿Esta es la tercera pregunta \r\n\r\nque realizo en esta categoría? ¿Esta es la tercera pregunta que realizo en esta \r\n\r\ncategoría? ¿Esta es la tercera pregunta que realizo en esta categoría? ', 1, 1, '2014-06-07 21:56:11', 1),
(10, '¿Esta es la cuarta pregunta que realizo en esta categoría? ', '¿Esta es la \r\n\r\ncuarta pregunta que realizo en esta categoría? ¿Esta es la cuarta pregunta que \r\n\r\nrealizo en esta categoría? ¿Esta es la cuarta pregunta que realizo en esta \r\n\r\ncategoría? ¿Esta es la cuarta pregunta que realizo en esta categoría? ¿Esta es \r\n\r\nla cuarta pregunta que realizo en esta categoría? ¿Esta es la cuarta pregunta \r\n\r\nque realizo en esta categoría? ¿Esta es la cuarta pregunta que realizo en esta \r\n\r\ncategoría? ¿Esta es la cuarta pregunta que realizo en esta categoría? ¿Esta es \r\n\r\nla cuarta pregunta que realizo en esta categoría? ¿Esta es la cuarta pregunta \r\n\r\nque realizo en esta categoría? ¿Esta es la cuarta pregunta que realizo en esta \r\n\r\ncategoría? ¿Esta es la cuarta pregunta que realizo en esta categoría? ¿Esta es \r\n\r\nla cuarta pregunta que realizo en esta categoría? ¿Esta es la cuarta pregunta \r\n\r\nque realizo en esta categoría? ¿Esta es la cuarta pregunta que realizo en esta \r\n\r\ncategoría? ¿Esta es la cuarta pregunta que realizo en esta categoría? ¿Esta es \r\n\r\nla cuarta pregunta que realizo en esta categoría? ¿Esta es la cuarta pregunta \r\n\r\nque realizo en esta categoría? ¿Esta es la cuarta pregunta que realizo en esta \r\n\r\ncategoría? ¿Esta es la cuarta pregunta que realizo en esta categoría? ¿Esta es \r\n\r\nla cuarta pregunta que realizo en esta categoría? ¿Esta es la cuarta pregunta \r\n\r\nque realizo en esta categoría? ¿Esta es la cuarta pregunta que realizo en esta \r\n\r\ncategoría? ¿Esta es la cuarta pregunta que realizo en esta categoría? ¿Esta es \r\n\r\nla cuarta pregunta que realizo en esta categoría? ¿Esta es la cuarta pregunta \r\n\r\nque realizo en esta categoría? ¿Esta es la cuarta pregunta que realizo en esta \r\n\r\ncategoría? ¿Esta es la cuarta pregunta que realizo en esta categoría? ¿Esta es \r\n\r\nla cuarta pregunta que realizo en esta categoría? ¿Esta es la cuarta pregunta \r\n\r\nque realizo en esta categoría? ¿Esta es la cuarta pregunta que realizo en esta \r\n\r\ncategoría? ¿Esta es la cuarta pregunta que realizo en esta categoría? ¿Esta es \r\n\r\nla cuarta pregunta que realizo en esta categoría? ¿Esta es la cuarta pregunta \r\n\r\nque realizo en esta categoría? ¿Esta es la cuarta pregunta que realizo en esta \r\n\r\ncategoría? ¿Esta es la cuarta pregunta que realizo en esta categoría? ¿Esta es \r\n\r\nla cuarta pregunta que realizo en esta categoría? ¿Esta es la cuarta pregunta \r\n\r\nque realizo en esta categoría? ¿Esta es la cuarta pregunta que realizo en esta \r\n\r\ncategoría? ¿Esta es la cuarta pregunta que realizo en esta categoría? ¿Esta es \r\n\r\nla cuarta pregunta que realizo en esta categoría? ¿Esta es la cuarta pregunta \r\n\r\nque realizo en esta categoría? ¿Esta es la cuarta pregunta que realizo en esta \r\n\r\ncategoría? ¿Esta es la cuarta pregunta que realizo en esta categoría? ¿Esta es \r\n\r\nla cuarta pregunta que realizo en esta categoría? ¿Esta es la cuarta pregunta \r\n\r\nque realizo en esta categoría? ¿Esta es la cuarta pregunta que realizo en esta \r\n\r\ncategoría? ¿Esta es la cuarta pregunta que realizo en esta categoría? ¿Esta es \r\n\r\nla cuarta pregunta que realizo en esta categoría? ', 1, 1, '2014-06-07 21:56:43', 1),
(11, '¿Esta es la quinta pregunta que realizo en esta categoría? ', '¿Esta es la \r\n\r\nquinta pregunta que realizo en esta categoría? ¿Esta es la quinta pregunta que \r\n\r\nrealizo en esta categoría? ¿Esta es la quinta pregunta que realizo en esta \r\n\r\ncategoría? ¿Esta es la quinta pregunta que realizo en esta categoría? ¿Esta es \r\n\r\nla quinta pregunta que realizo en esta categoría? ¿Esta es la quinta pregunta \r\n\r\nque realizo en esta categoría? ¿Esta es la quinta pregunta que realizo en esta \r\n\r\ncategoría? ¿Esta es la quinta pregunta que realizo en esta categoría? ¿Esta es \r\n\r\nla quinta pregunta que realizo en esta categoría? ¿Esta es la quinta pregunta \r\n\r\nque realizo en esta categoría? ¿Esta es la quinta pregunta que realizo en esta \r\n\r\ncategoría? ¿Esta es la quinta pregunta que realizo en esta categoría? ¿Esta es \r\n\r\nla quinta pregunta que realizo en esta categoría? ¿Esta es la quinta pregunta \r\n\r\nque realizo en esta categoría? ¿Esta es la quinta pregunta que realizo en esta \r\n\r\ncategoría? ¿Esta es la quinta pregunta que realizo en esta categoría? ¿Esta es \r\n\r\nla quinta pregunta que realizo en esta categoría? ¿Esta es la quinta pregunta \r\n\r\nque realizo en esta categoría? ¿Esta es la quinta pregunta que realizo en esta \r\n\r\ncategoría? ¿Esta es la quinta pregunta que realizo en esta categoría? ¿Esta es \r\n\r\nla quinta pregunta que realizo en esta categoría? ¿Esta es la quinta pregunta \r\n\r\nque realizo en esta categoría? ¿Esta es la quinta pregunta que realizo en esta \r\n\r\ncategoría? ¿Esta es la quinta pregunta que realizo en esta categoría? ¿Esta es \r\n\r\nla quinta pregunta que realizo en esta categoría? ¿Esta es la quinta pregunta \r\n\r\nque realizo en esta categoría? ', 1, 1, '2014-06-07 21:57:09', 1),
(12, '¿Esta es la sexta pregunta que realizo en esta categoría? ', '¿Esta es la \r\n\r\nsexta pregunta que realizo en esta categoría? ¿Esta es la sexta pregunta que \r\n\r\nrealizo en esta categoría? ¿Esta es la sexta pregunta que realizo en esta \r\n\r\ncategoría? ¿Esta es la sexta pregunta que realizo en esta categoría? ¿Esta es la \r\n\r\nsexta pregunta que realizo en esta categoría? ¿Esta es la sexta pregunta que \r\n\r\nrealizo en esta categoría? ¿Esta es la sexta pregunta que realizo en esta \r\n\r\ncategoría? ¿Esta es la sexta pregunta que realizo en esta categoría? ¿Esta es la \r\n\r\nsexta pregunta que realizo en esta categoría? ¿Esta es la sexta pregunta que \r\n\r\nrealizo en esta categoría? ¿Esta es la sexta pregunta que realizo en esta \r\n\r\ncategoría? ¿Esta es la sexta pregunta que realizo en esta categoría? ¿Esta es la \r\n\r\nsexta pregunta que realizo en esta categoría? ¿Esta es la sexta pregunta que \r\n\r\nrealizo en esta categoría? ¿Esta es la sexta pregunta que realizo en esta \r\n\r\ncategoría? ¿Esta es la sexta pregunta que realizo en esta categoría? ¿Esta es la \r\n\r\nsexta pregunta que realizo en esta categoría? ¿Esta es la sexta pregunta que \r\n\r\nrealizo en esta categoría? ¿Esta es la sexta pregunta que realizo en esta \r\n\r\ncategoría? ¿Esta es la sexta pregunta que realizo en esta categoría? ¿Esta es la \r\n\r\nsexta pregunta que realizo en esta categoría? ¿Esta es la sexta pregunta que \r\n\r\nrealizo en esta categoría? ¿Esta es la sexta pregunta que realizo en esta \r\n\r\ncategoría? ¿Esta es la sexta pregunta que realizo en esta categoría? ¿Esta es la \r\n\r\nsexta pregunta que realizo en esta categoría? ¿Esta es la sexta pregunta que \r\n\r\nrealizo en esta categoría? ¿Esta es la sexta pregunta que realizo en esta \r\n\r\ncategoría? ¿Esta es la sexta pregunta que realizo en esta categoría? ¿Esta es la \r\n\r\nsexta pregunta que realizo en esta categoría? ¿Esta es la sexta pregunta que \r\n\r\nrealizo en esta categoría? ¿Esta es la sexta pregunta que realizo en esta \r\n\r\ncategoría? ', 1, 1, '2014-06-07 21:57:45', 1),
(13, '¿Esta es la septima pregunta que realizo en esta categoría? ', '¿Esta es \r\n\r\nla septima pregunta que realizo en esta categoría? ¿Esta es la septima pregunta \r\n\r\nque realizo en esta categoría? ¿Esta es la septima pregunta que realizo en esta \r\n\r\ncategoría? ¿Esta es la septima pregunta que realizo en esta categoría? ¿Esta es \r\n\r\nla septima pregunta que realizo en esta categoría? ¿Esta es la septima pregunta \r\n\r\nque realizo en esta categoría? ¿Esta es la septima pregunta que realizo en esta \r\n\r\ncategoría? ¿Esta es la septima pregunta que realizo en esta categoría? ¿Esta es \r\n\r\nla septima pregunta que realizo en esta categoría? ¿Esta es la septima pregunta \r\n\r\nque realizo en esta categoría? ¿Esta es la septima pregunta que realizo en esta \r\n\r\ncategoría? ¿Esta es la septima pregunta que realizo en esta categoría? ¿Esta es \r\n\r\nla septima pregunta que realizo en esta categoría? ¿Esta es la septima pregunta \r\n\r\nque realizo en esta categoría? ¿Esta es la septima pregunta que realizo en esta \r\n\r\ncategoría? ¿Esta es la septima pregunta que realizo en esta categoría? ¿Esta es \r\n\r\nla septima pregunta que realizo en esta categoría? ¿Esta es la septima pregunta \r\n\r\nque realizo en esta categoría? ¿Esta es la septima pregunta que realizo en esta \r\n\r\ncategoría? ¿Esta es la septima pregunta que realizo en esta categoría? ¿Esta es \r\n\r\nla septima pregunta que realizo en esta categoría? ¿Esta es la septima pregunta \r\n\r\nque realizo en esta categoría? ¿Esta es la septima pregunta que realizo en esta \r\n\r\ncategoría? ¿Esta es la septima pregunta que realizo en esta categoría? ¿Esta es \r\n\r\nla septima pregunta que realizo en esta categoría? ¿Esta es la septima pregunta \r\n\r\nque realizo en esta categoría? ¿Esta es la septima pregunta que realizo en esta \r\n\r\ncategoría? ¿Esta es la septima pregunta que realizo en esta categoría? ¿Esta es \r\n\r\nla septima pregunta que realizo en esta categoría? ¿Esta es la septima pregunta \r\n\r\nque realizo en esta categoría? ¿Esta es la septima pregunta que realizo en esta \r\n\r\ncategoría? ¿Esta es la septima pregunta que realizo en esta categoría? ¿Esta es \r\n\r\nla septima pregunta que realizo en esta categoría? ¿Esta es la septima pregunta \r\n\r\nque realizo en esta categoría? ¿Esta es la septima pregunta que realizo en esta \r\n\r\ncategoría? ¿Esta es la septima pregunta que realizo en esta categoría? ¿Esta es \r\n\r\nla septima pregunta que realizo en esta categoría? ', 1, 1, '2014-06-07 21:58:12', 1),
(14, '¿Esta es la octava pregunta que realizo en esta categoría? ', '¿Esta es la \r\n\r\noctava pregunta que realizo en esta categoría? ¿Esta es la octava pregunta que \r\n\r\nrealizo en esta categoría? ¿Esta es la octava pregunta que realizo en esta \r\n\r\ncategoría? ¿Esta es la octava pregunta que realizo en esta categoría? ¿Esta es \r\n\r\nla octava pregunta que realizo en esta categoría? ¿Esta es la octava pregunta \r\n\r\nque realizo en esta categoría? ¿Esta es la octava pregunta que realizo en esta \r\n\r\ncategoría? ¿Esta es la octava pregunta que realizo en esta categoría? ¿Esta es \r\n\r\nla octava pregunta que realizo en esta categoría? ¿Esta es la octava pregunta \r\n\r\nque realizo en esta categoría? ¿Esta es la octava pregunta que realizo en esta \r\n\r\ncategoría? ¿Esta es la octava pregunta que realizo en esta categoría? ¿Esta es \r\n\r\nla octava pregunta que realizo en esta categoría? ¿Esta es la octava pregunta \r\n\r\nque realizo en esta categoría? ¿Esta es la octava pregunta que realizo en esta \r\n\r\ncategoría? ¿Esta es la octava pregunta que realizo en esta categoría? ¿Esta es \r\n\r\nla octava pregunta que realizo en esta categoría? ¿Esta es la octava pregunta \r\n\r\nque realizo en esta categoría? ¿Esta es la octava pregunta que realizo en esta \r\n\r\ncategoría? ¿Esta es la octava pregunta que realizo en esta categoría? ¿Esta es \r\n\r\nla octava pregunta que realizo en esta categoría? ¿Esta es la octava pregunta \r\n\r\nque realizo en esta categoría? ¿Esta es la octava pregunta que realizo en esta \r\n\r\ncategoría? ¿Esta es la octava pregunta que realizo en esta categoría? ', 1, 1, '2014-06-07 21:58:53', 1),
(15, '¿Esta es la novena pregunta que realizo en esta categoría? ', '¿Esta es la \r\n\r\nnovena pregunta que realizo en esta categoría? ¿Esta es la novena pregunta que \r\n\r\nrealizo en esta categoría? ¿Esta es la novena pregunta que realizo en esta \r\n\r\ncategoría? ¿Esta es la novena pregunta que realizo en esta categoría? ¿Esta es \r\n\r\nla novena pregunta que realizo en esta categoría? ¿Esta es la novena pregunta \r\n\r\nque realizo en esta categoría? ¿Esta es la novena pregunta que realizo en esta \r\n\r\ncategoría? ¿Esta es la novena pregunta que realizo en esta categoría? ¿Esta es \r\n\r\nla novena pregunta que realizo en esta categoría? ¿Esta es la novena pregunta \r\n\r\nque realizo en esta categoría? ¿Esta es la novena pregunta que realizo en esta \r\n\r\ncategoría? ¿Esta es la novena pregunta que realizo en esta categoría? ¿Esta es \r\n\r\nla novena pregunta que realizo en esta categoría? ¿Esta es la novena pregunta \r\n\r\nque realizo en esta categoría? ¿Esta es la novena pregunta que realizo en esta \r\n\r\ncategoría? ¿Esta es la novena pregunta que realizo en esta categoría? ¿Esta es \r\n\r\nla novena pregunta que realizo en esta categoría? ¿Esta es la novena pregunta \r\n\r\nque realizo en esta categoría? ¿Esta es la novena pregunta que realizo en esta \r\n\r\ncategoría? ¿Esta es la novena pregunta que realizo en esta categoría? ¿Esta es \r\n\r\nla novena pregunta que realizo en esta categoría? ¿Esta es la novena pregunta \r\n\r\nque realizo en esta categoría? ¿Esta es la novena pregunta que realizo en esta \r\n\r\ncategoría? ¿Esta es la novena pregunta que realizo en esta categoría? ¿Esta es \r\n\r\nla novena pregunta que realizo en esta categoría? ¿Esta es la novena pregunta \r\n\r\nque realizo en esta categoría? ¿Esta es la novena pregunta que realizo en esta \r\n\r\ncategoría? ¿Esta es la novena pregunta que realizo en esta categoría? ¿Esta es \r\n\r\nla novena pregunta que realizo en esta categoría? ¿Esta es la novena pregunta \r\n\r\nque realizo en esta categoría? ¿Esta es la novena pregunta que realizo en esta \r\n\r\ncategoría? ¿Esta es la novena pregunta que realizo en esta categoría? ¿Esta es \r\n\r\nla novena pregunta que realizo en esta categoría? ¿Esta es la novena pregunta \r\n\r\nque realizo en esta categoría? ¿Esta es la novena pregunta que realizo en esta \r\n\r\ncategoría? ¿Esta es la novena pregunta que realizo en esta categoría? ¿Esta es \r\n\r\nla novena pregunta que realizo en esta categoría? ¿Esta es la novena pregunta \r\n\r\nque realizo en esta categoría? ', 1, 1, '2014-06-07 21:59:23', 1),
(16, '¿Esta es la decima pregunta que realizo en esta categoría? ', '¿Esta es la \r\n\r\ndecima pregunta que realizo en esta categoría? ¿Esta es la decima pregunta que \r\n\r\nrealizo en esta categoría? ¿Esta es la decima pregunta que realizo en esta \r\n\r\ncategoría? ¿Esta es la decima pregunta que realizo en esta categoría? ¿Esta es \r\n\r\nla decima pregunta que realizo en esta categoría? ¿Esta es la decima pregunta \r\n\r\nque realizo en esta categoría? ¿Esta es la decima pregunta que realizo en esta \r\n\r\ncategoría? ¿Esta es la decima pregunta que realizo en esta categoría? ¿Esta es \r\n\r\nla decima pregunta que realizo en esta categoría? ¿Esta es la decima pregunta \r\n\r\nque realizo en esta categoría? ¿Esta es la decima pregunta que realizo en esta \r\n\r\ncategoría? ¿Esta es la decima pregunta que realizo en esta categoría? ¿Esta es \r\n\r\nla decima pregunta que realizo en esta categoría? ¿Esta es la decima pregunta \r\n\r\nque realizo en esta categoría? ¿Esta es la decima pregunta que realizo en esta \r\n\r\ncategoría? ¿Esta es la decima pregunta que realizo en esta categoría? ¿Esta es \r\n\r\nla decima pregunta que realizo en esta categoría? ¿Esta es la decima pregunta \r\n\r\nque realizo en esta categoría? ¿Esta es la decima pregunta que realizo en esta \r\n\r\ncategoría? ¿Esta es la decima pregunta que realizo en esta categoría? ¿Esta es \r\n\r\nla decima pregunta que realizo en esta categoría? ¿Esta es la decima pregunta \r\n\r\nque realizo en esta categoría? ¿Esta es la decima pregunta que realizo en esta \r\n\r\ncategoría? ¿Esta es la decima pregunta que realizo en esta categoría? ', 1, 1, '2014-06-07 21:59:46', 1),
(17, '¿Esta es la decimoprimera pregunta que realizo en esta categoría?', '¿Esta \r\n\r\nes la decimoprimera pregunta que realizo en esta categoría? ¿Esta es la \r\n\r\ndecimoprimera pregunta que realizo en esta categoría? ¿Esta es la decimoprimera \r\n\r\npregunta que realizo en esta categoría? ¿Esta es la decimoprimera pregunta que \r\n\r\nrealizo en esta categoría? ¿Esta es la decimoprimera pregunta que realizo en \r\n\r\nesta categoría? ¿Esta es la decimoprimera pregunta que realizo en esta \r\n\r\ncategoría? ¿Esta es la decimoprimera pregunta que realizo en esta categoría? \r\n\r\n¿Esta es la decimoprimera pregunta que realizo en esta categoría? ¿Esta es la \r\n\r\ndecimoprimera pregunta que realizo en esta categoría? ¿Esta es la decimoprimera \r\n\r\npregunta que realizo en esta categoría? ¿Esta es la decimoprimera pregunta que \r\n\r\nrealizo en esta categoría? ¿Esta es la decimoprimera pregunta que realizo en \r\n\r\nesta categoría? ¿Esta es la decimoprimera pregunta que realizo en esta \r\n\r\ncategoría? ¿Esta es la decimoprimera pregunta que realizo en esta categoría? \r\n\r\n¿Esta es la decimoprimera pregunta que realizo en esta categoría? ¿Esta es la \r\n\r\ndecimoprimera pregunta que realizo en esta categoría?', 1, 2, '2014-06-07 21:50:43', 1),
(18, '¿Esta es la duodecima pregunta que realizo en esta categoría?', '¿Esta es \r\n\r\nla duodecima pregunta que realizo en esta categoría? ¿Esta es la duodecima \r\n\r\npregunta que realizo en esta categoría? ¿Esta es la duodecima pregunta que \r\n\r\nrealizo en esta categoría? ¿Esta es la duodecima pregunta que realizo en esta \r\n\r\ncategoría? ¿Esta es la duodecima pregunta que realizo en esta categoría? ¿Esta \r\n\r\nes la duodecima pregunta que realizo en esta categoría? ¿Esta es la duodecima \r\n\r\npregunta que realizo en esta categoría? ¿Esta es la duodecima pregunta que \r\n\r\nrealizo en esta categoría? ¿Esta es la duodecima pregunta que realizo en esta \r\n\r\ncategoría? ¿Esta es la duodecima pregunta que realizo en esta categoría? ¿Esta \r\n\r\nes la duodecima pregunta que realizo en esta categoría? ¿Esta es la duodecima \r\n\r\npregunta que realizo en esta categoría? ¿Esta es la duodecima pregunta que \r\n\r\nrealizo en esta categoría? ¿Esta es la duodecima pregunta que realizo en esta \r\n\r\ncategoría? ¿Esta es la duodecima pregunta que realizo en esta categoría? ¿Esta \r\n\r\nes la duodecima pregunta que realizo en esta categoría?', 1, 2, '2014-06-07 21:50:43', 1),
(19, '¿Esta es la decimotercera pregunta que realizo en esta categoría?', '¿Esta \r\n\r\nes la decimotercera pregunta que realizo en esta categoría? ¿Esta es la \r\n\r\ndecimotercera pregunta que realizo en esta categoría? ¿Esta es la decimotercera \r\n\r\npregunta que realizo en esta categoría? ¿Esta es la decimotercera pregunta que \r\n\r\nrealizo en esta categoría? ¿Esta es la decimotercera pregunta que realizo en \r\n\r\nesta categoría? ¿Esta es la decimotercera pregunta que realizo en esta \r\n\r\ncategoría? ¿Esta es la decimotercera pregunta que realizo en esta categoría? \r\n\r\n¿Esta es la decimotercera pregunta que realizo en esta categoría? ¿Esta es la \r\n\r\ndecimotercera pregunta que realizo en esta categoría? ¿Esta es la decimotercera \r\n\r\npregunta que realizo en esta categoría? ¿Esta es la decimotercera pregunta que \r\n\r\nrealizo en esta categoría? ¿Esta es la decimotercera pregunta que realizo en \r\n\r\nesta categoría? ¿Esta es la decimotercera pregunta que realizo en esta \r\n\r\ncategoría? ¿Esta es la decimotercera pregunta que realizo en esta categoría? \r\n\r\n¿Esta es la decimotercera pregunta que realizo en esta categoría? ¿Esta es la \r\n\r\ndecimotercera pregunta que realizo en esta categoría?', 1, 2, '2014-06-07 21:50:43', 1),
(20, '¿Esta es la decimocuarta pregunta que realizo en esta categoría?', '¿Esta \r\n\r\nes la decimocuarta pregunta que realizo en esta categoría? ¿Esta es la \r\n\r\ndecimocuarta pregunta que realizo en esta categoría? ¿Esta es la decimocuarta \r\n\r\npregunta que realizo en esta categoría? ¿Esta es la decimocuarta pregunta que \r\n\r\nrealizo en esta categoría? ¿Esta es la decimocuarta pregunta que realizo en esta \r\n\r\ncategoría? ¿Esta es la decimocuarta pregunta que realizo en esta categoría? \r\n\r\n¿Esta es la decimocuarta pregunta que realizo en esta categoría? ¿Esta es la \r\n\r\ndecimocuarta pregunta que realizo en esta categoría? ¿Esta es la decimocuarta \r\n\r\npregunta que realizo en esta categoría? ¿Esta es la decimocuarta pregunta que \r\n\r\nrealizo en esta categoría? ¿Esta es la decimocuarta pregunta que realizo en esta \r\n\r\ncategoría? ¿Esta es la decimocuarta pregunta que realizo en esta categoría? \r\n\r\n¿Esta es la decimocuarta pregunta que realizo en esta categoría? ¿Esta es la \r\n\r\ndecimocuarta pregunta que realizo en esta categoría? ¿Esta es la decimocuarta \r\n\r\npregunta que realizo en esta categoría? ¿Esta es la decimocuarta pregunta que \r\n\r\nrealizo en esta categoría?', 1, 2, '2014-06-07 21:50:43', 1),
(21, '¿Esta es la decimoquinta pregunta que realizo en esta categoría?', '¿Esta \r\n\r\nes la decimoquinta pregunta que realizo en esta categoría? ¿Esta es la \r\n\r\ndecimoquinta pregunta que realizo en esta categoría? ¿Esta es la decimoquinta \r\n\r\npregunta que realizo en esta categoría? ¿Esta es la decimoquinta pregunta que \r\n\r\nrealizo en esta categoría? ¿Esta es la decimoquinta pregunta que realizo en esta \r\n\r\ncategoría? ¿Esta es la decimoquinta pregunta que realizo en esta categoría? \r\n\r\n¿Esta es la decimoquinta pregunta que realizo en esta categoría? ¿Esta es la \r\n\r\ndecimoquinta pregunta que realizo en esta categoría? ¿Esta es la decimoquinta \r\n\r\npregunta que realizo en esta categoría? ¿Esta es la decimoquinta pregunta que \r\n\r\nrealizo en esta categoría? ¿Esta es la decimoquinta pregunta que realizo en esta \r\n\r\ncategoría? ¿Esta es la decimoquinta pregunta que realizo en esta categoría? \r\n\r\n¿Esta es la decimoquinta pregunta que realizo en esta categoría? ¿Esta es la \r\n\r\ndecimoquinta pregunta que realizo en esta categoría? ¿Esta es la decimoquinta \r\n\r\npregunta que realizo en esta categoría? ¿Esta es la decimoquinta pregunta que \r\n\r\nrealizo en esta categoría?', 1, 2, '2014-06-07 21:50:43', 1),
(22, '¿Esta es la decimosexta pregunta que realizo en esta categoría?', '¿Esta \r\n\r\nes la decimosexta pregunta que realizo en esta categoría? ¿Esta es la \r\n\r\ndecimosexta pregunta que realizo en esta categoría? ¿Esta es la decimosexta \r\n\r\npregunta que realizo en esta categoría? ¿Esta es la decimosexta pregunta que \r\n\r\nrealizo en esta categoría? ¿Esta es la decimosexta pregunta que realizo en esta \r\n\r\ncategoría? ¿Esta es la decimosexta pregunta que realizo en esta categoría? ¿Esta \r\n\r\nes la decimosexta pregunta que realizo en esta categoría? ¿Esta es la \r\n\r\ndecimosexta pregunta que realizo en esta categoría? ¿Esta es la decimosexta \r\n\r\npregunta que realizo en esta categoría? ¿Esta es la decimosexta pregunta que \r\n\r\nrealizo en esta categoría? ¿Esta es la decimosexta pregunta que realizo en esta \r\n\r\ncategoría? ¿Esta es la decimosexta pregunta que realizo en esta categoría? ¿Esta \r\n\r\nes la decimosexta pregunta que realizo en esta categoría? ¿Esta es la \r\n\r\ndecimosexta pregunta que realizo en esta categoría? ¿Esta es la decimosexta \r\n\r\npregunta que realizo en esta categoría? ¿Esta es la decimosexta pregunta que \r\n\r\nrealizo en esta categoría?', 1, 2, '2014-06-07 21:50:43', 1),
(23, '¿Esta es la decimoseptima pregunta que realizo en esta categoría?', '¿Esta \r\n\r\nes la decimoseptima pregunta que realizo en esta categoría? ¿Esta es la \r\n\r\ndecimoseptima pregunta que realizo en esta categoría? ¿Esta es la decimoseptima \r\n\r\npregunta que realizo en esta categoría? ¿Esta es la decimoseptima pregunta que \r\n\r\nrealizo en esta categoría? ¿Esta es la decimoseptima pregunta que realizo en \r\n\r\nesta categoría? ¿Esta es la decimoseptima pregunta que realizo en esta \r\n\r\ncategoría? ¿Esta es la decimoseptima pregunta que realizo en esta categoría? \r\n\r\n¿Esta es la decimoseptima pregunta que realizo en esta categoría? ¿Esta es la \r\n\r\ndecimoseptima pregunta que realizo en esta categoría? ¿Esta es la decimoseptima \r\n\r\npregunta que realizo en esta categoría? ¿Esta es la decimoseptima pregunta que \r\n\r\nrealizo en esta categoría? ¿Esta es la decimoseptima pregunta que realizo en \r\n\r\nesta categoría? ¿Esta es la decimoseptima pregunta que realizo en esta \r\n\r\ncategoría? ¿Esta es la decimoseptima pregunta que realizo en esta categoría? \r\n\r\n¿Esta es la decimoseptima pregunta que realizo en esta categoría? ¿Esta es la \r\n\r\ndecimoseptima pregunta que realizo en esta categoría?', 1, 2, '2014-06-07 21:50:43', 1),
(24, '¿Esta es la decimooctava pregunta que realizo en esta categoría?', '¿Esta \r\n\r\nes la decimooctava pregunta que realizo en esta categoría? ¿Esta es la \r\n\r\ndecimooctava pregunta que realizo en esta categoría? ¿Esta es la decimooctava \r\n\r\npregunta que realizo en esta categoría? ¿Esta es la decimooctava pregunta que \r\n\r\nrealizo en esta categoría? ¿Esta es la decimooctava pregunta que realizo en esta \r\n\r\ncategoría? ¿Esta es la decimooctava pregunta que realizo en esta categoría? \r\n\r\n¿Esta es la decimooctava pregunta que realizo en esta categoría? ¿Esta es la \r\n\r\ndecimooctava pregunta que realizo en esta categoría? ¿Esta es la decimooctava \r\n\r\npregunta que realizo en esta categoría? ¿Esta es la decimooctava pregunta que \r\n\r\nrealizo en esta categoría? ¿Esta es la decimooctava pregunta que realizo en esta \r\n\r\ncategoría? ¿Esta es la decimooctava pregunta que realizo en esta categoría? \r\n\r\n¿Esta es la decimooctava pregunta que realizo en esta categoría? ¿Esta es la \r\n\r\ndecimooctava pregunta que realizo en esta categoría? ¿Esta es la decimooctava \r\n\r\npregunta que realizo en esta categoría? ¿Esta es la decimooctava pregunta que \r\n\r\nrealizo en esta categoría?', 1, 2, '2014-06-07 21:50:43', 1),
(25, '¿Esta es la decimonovena pregunta que realizo en esta categoría?', '¿Esta \r\n\r\nes la decimonovena pregunta que realizo en esta categoría? ¿Esta es la \r\n\r\ndecimonovena pregunta que realizo en esta categoría? ¿Esta es la decimonovena \r\n\r\npregunta que realizo en esta categoría? ¿Esta es la decimonovena pregunta que \r\n\r\nrealizo en esta categoría? ¿Esta es la decimonovena pregunta que realizo en esta \r\n\r\ncategoría? ¿Esta es la decimonovena pregunta que realizo en esta categoría? \r\n\r\n¿Esta es la decimonovena pregunta que realizo en esta categoría? ¿Esta es la \r\n\r\ndecimonovena pregunta que realizo en esta categoría? ¿Esta es la decimonovena \r\n\r\npregunta que realizo en esta categoría? ¿Esta es la decimonovena pregunta que \r\n\r\nrealizo en esta categoría? ¿Esta es la decimonovena pregunta que realizo en esta \r\n\r\ncategoría? ¿Esta es la decimonovena pregunta que realizo en esta categoría? \r\n\r\n¿Esta es la decimonovena pregunta que realizo en esta categoría? ¿Esta es la \r\n\r\ndecimonovena pregunta que realizo en esta categoría? ¿Esta es la decimonovena \r\n\r\npregunta que realizo en esta categoría? ¿Esta es la decimonovena pregunta que \r\n\r\nrealizo en esta categoría?', 1, 2, '2014-06-07 21:50:43', 1),
(26, '¿Esta es la vigesima pregunta que realizo en esta categoría?', '¿Esta es \r\n\r\nla vigesima pregunta que realizo en esta categoría? ¿Esta es la vigesima \r\n\r\npregunta que realizo en esta categoría? ¿Esta es la vigesima pregunta que \r\n\r\nrealizo en esta categoría? ¿Esta es la vigesima pregunta que realizo en esta \r\n\r\ncategoría? ¿Esta es la vigesima pregunta que realizo en esta categoría? ¿Esta es \r\n\r\nla vigesima pregunta que realizo en esta categoría? ¿Esta es la vigesima \r\n\r\npregunta que realizo en esta categoría? ¿Esta es la vigesima pregunta que \r\n\r\nrealizo en esta categoría? ¿Esta es la vigesima pregunta que realizo en esta \r\n\r\ncategoría? ¿Esta es la vigesima pregunta que realizo en esta categoría? ¿Esta es \r\n\r\nla vigesima pregunta que realizo en esta categoría? ¿Esta es la vigesima \r\n\r\npregunta que realizo en esta categoría? ¿Esta es la vigesima pregunta que \r\n\r\nrealizo en esta categoría? ¿Esta es la vigesima pregunta que realizo en esta \r\n\r\ncategoría? ¿Esta es la vigesima pregunta que realizo en esta categoría? ¿Esta es \r\n\r\nla vigesima pregunta que realizo en esta categoría?', 1, 2, '2014-06-07 21:50:43', 1),
(27, '¿Esta es la vigesimo primera pregunta que realizo en esta categoría?', '¿Esta es la vigesimo primera pregunta que realizo en esta categoría? ¿Esta es \r\n\r\nla vigesimo primera pregunta que realizo en esta categoría? ¿Esta es la vigesimo \r\n\r\nprimera pregunta que realizo en esta categoría? ¿Esta es la vigesimo primera \r\n\r\npregunta que realizo en esta categoría? ¿Esta es la vigesimo primera pregunta \r\n\r\nque realizo en esta categoría? ¿Esta es la vigesimo primera pregunta que realizo \r\n\r\nen esta categoría? ¿Esta es la vigesimo primera pregunta que realizo en esta \r\n\r\ncategoría? ¿Esta es la vigesimo primera pregunta que realizo en esta categoría? \r\n\r\n¿Esta es la vigesimo primera pregunta que realizo en esta categoría? ¿Esta es la \r\n\r\nvigesimo primera pregunta que realizo en esta categoría? ¿Esta es la vigesimo \r\n\r\nprimera pregunta que realizo en esta categoría? ¿Esta es la vigesimo primera \r\n\r\npregunta que realizo en esta categoría? ¿Esta es la vigesimo primera pregunta \r\n\r\nque realizo en esta categoría? ¿Esta es la vigesimo primera pregunta que realizo \r\n\r\nen esta categoría? ¿Esta es la vigesimo primera pregunta que realizo en esta \r\n\r\ncategoría? ¿Esta es la vigesimo primera pregunta que realizo en esta \r\n\r\ncategoría?', 1, 2, '2014-06-07 21:50:43', 1),
(28, '¿Esta es la vigesimo segunda pregunta que realizo en esta categoría?', '¿Esta es la vigesimo segunda pregunta que realizo en esta categoría? ¿Esta es \r\n\r\nla vigesimo segunda pregunta que realizo en esta categoría? ¿Esta es la vigesimo \r\n\r\nsegunda pregunta que realizo en esta categoría? ¿Esta es la vigesimo segunda \r\n\r\npregunta que realizo en esta categoría? ¿Esta es la vigesimo segunda pregunta \r\n\r\nque realizo en esta categoría? ¿Esta es la vigesimo segunda pregunta que realizo \r\n\r\nen esta categoría? ¿Esta es la vigesimo segunda pregunta que realizo en esta \r\n\r\ncategoría? ¿Esta es la vigesimo segunda pregunta que realizo en esta categoría? \r\n\r\n¿Esta es la vigesimo segunda pregunta que realizo en esta categoría? ¿Esta es la \r\n\r\nvigesimo segunda pregunta que realizo en esta categoría? ¿Esta es la vigesimo \r\n\r\nsegunda pregunta que realizo en esta categoría? ¿Esta es la vigesimo segunda \r\n\r\npregunta que realizo en esta categoría? ¿Esta es la vigesimo segunda pregunta \r\n\r\nque realizo en esta categoría? ¿Esta es la vigesimo segunda pregunta que realizo \r\n\r\nen esta categoría? ¿Esta es la vigesimo segunda pregunta que realizo en esta \r\n\r\ncategoría? ¿Esta es la vigesimo segunda pregunta que realizo en esta \r\n\r\ncategoría?', 1, 2, '2014-06-07 21:50:43', 1);
INSERT INTO `questions` (`idquestion`, `question`, `questiontext`, `idcategory`, `idautor`, `datetime`, `views`) VALUES
(29, '¿Esta es la vigesimo tercera pregunta que realizo en esta categoría?', '¿Esta es la vigesimo tercera pregunta que realizo en esta categoría? ¿Esta es \r\n\r\nla vigesimo tercera pregunta que realizo en esta categoría? ¿Esta es la vigesimo \r\n\r\ntercera pregunta que realizo en esta categoría? ¿Esta es la vigesimo tercera \r\n\r\npregunta que realizo en esta categoría? ¿Esta es la vigesimo tercera pregunta \r\n\r\nque realizo en esta categoría? ¿Esta es la vigesimo tercera pregunta que realizo \r\n\r\nen esta categoría? ¿Esta es la vigesimo tercera pregunta que realizo en esta \r\n\r\ncategoría? ¿Esta es la vigesimo tercera pregunta que realizo en esta categoría? \r\n\r\n¿Esta es la vigesimo tercera pregunta que realizo en esta categoría? ¿Esta es la \r\n\r\nvigesimo tercera pregunta que realizo en esta categoría? ¿Esta es la vigesimo \r\n\r\ntercera pregunta que realizo en esta categoría? ¿Esta es la vigesimo tercera \r\n\r\npregunta que realizo en esta categoría? ¿Esta es la vigesimo tercera pregunta \r\n\r\nque realizo en esta categoría? ¿Esta es la vigesimo tercera pregunta que realizo \r\n\r\nen esta categoría? ¿Esta es la vigesimo tercera pregunta que realizo en esta \r\n\r\ncategoría? ¿Esta es la vigesimo tercera pregunta que realizo en esta \r\n\r\ncategoría?', 1, 2, '2014-06-07 21:50:43', 1),
(30, '¿Esta es la vigesimo cuarta pregunta que realizo en esta categoría?', '¿Esta es la vigesimo cuarta pregunta que realizo en esta categoría? ¿Esta es la \r\n\r\nvigesimo cuarta pregunta que realizo en esta categoría? ¿Esta es la vigesimo \r\n\r\ncuarta pregunta que realizo en esta categoría? ¿Esta es la vigesimo cuarta \r\n\r\npregunta que realizo en esta categoría? ¿Esta es la vigesimo cuarta pregunta que \r\n\r\nrealizo en esta categoría? ¿Esta es la vigesimo cuarta pregunta que realizo en \r\n\r\nesta categoría? ¿Esta es la vigesimo cuarta pregunta que realizo en esta \r\n\r\ncategoría? ¿Esta es la vigesimo cuarta pregunta que realizo en esta categoría? \r\n\r\n¿Esta es la vigesimo cuarta pregunta que realizo en esta categoría? ¿Esta es la \r\n\r\nvigesimo cuarta pregunta que realizo en esta categoría? ¿Esta es la vigesimo \r\n\r\ncuarta pregunta que realizo en esta categoría? ¿Esta es la vigesimo cuarta \r\n\r\npregunta que realizo en esta categoría? ¿Esta es la vigesimo cuarta pregunta que \r\n\r\nrealizo en esta categoría? ¿Esta es la vigesimo cuarta pregunta que realizo en \r\n\r\nesta categoría? ¿Esta es la vigesimo cuarta pregunta que realizo en esta \r\n\r\ncategoría? ¿Esta es la vigesimo cuarta pregunta que realizo en esta categoría?', 1, 2, '2014-06-07 21:50:43', 1),
(31, '¿Esta es la vigesimo quinta pregunta que realizo en esta categoría?', '¿Esta es la vigesimo quinta pregunta que realizo en esta categoría? ¿Esta es la \r\n\r\nvigesimo quinta pregunta que realizo en esta categoría? ¿Esta es la vigesimo \r\n\r\nquinta pregunta que realizo en esta categoría? ¿Esta es la vigesimo quinta \r\n\r\npregunta que realizo en esta categoría? ¿Esta es la vigesimo quinta pregunta que \r\n\r\nrealizo en esta categoría? ¿Esta es la vigesimo quinta pregunta que realizo en \r\n\r\nesta categoría? ¿Esta es la vigesimo quinta pregunta que realizo en esta \r\n\r\ncategoría? ¿Esta es la vigesimo quinta pregunta que realizo en esta categoría? \r\n\r\n¿Esta es la vigesimo quinta pregunta que realizo en esta categoría? ¿Esta es la \r\n\r\nvigesimo quinta pregunta que realizo en esta categoría? ¿Esta es la vigesimo \r\n\r\nquinta pregunta que realizo en esta categoría? ¿Esta es la vigesimo quinta \r\n\r\npregunta que realizo en esta categoría? ¿Esta es la vigesimo quinta pregunta que \r\n\r\nrealizo en esta categoría? ¿Esta es la vigesimo quinta pregunta que realizo en \r\n\r\nesta categoría? ¿Esta es la vigesimo quinta pregunta que realizo en esta \r\n\r\ncategoría? ¿Esta es la vigesimo quinta pregunta que realizo en esta categoría?', 1, 2, '2014-06-07 21:50:43', 1),
(32, '¿Esta es la vigesimo sexta pregunta que realizo en esta categoría?', '¿Esta es la vigesimo sexta pregunta que realizo en esta categoría? ¿Esta es la \r\n\r\nvigesimo sexta pregunta que realizo en esta categoría? ¿Esta es la vigesimo \r\n\r\nsexta pregunta que realizo en esta categoría? ¿Esta es la vigesimo sexta \r\n\r\npregunta que realizo en esta categoría? ¿Esta es la vigesimo sexta pregunta que \r\n\r\nrealizo en esta categoría? ¿Esta es la vigesimo sexta pregunta que realizo en \r\n\r\nesta categoría? ¿Esta es la vigesimo sexta pregunta que realizo en esta \r\n\r\ncategoría? ¿Esta es la vigesimo sexta pregunta que realizo en esta categoría? \r\n\r\n¿Esta es la vigesimo sexta pregunta que realizo en esta categoría? ¿Esta es la \r\n\r\nvigesimo sexta pregunta que realizo en esta categoría? ¿Esta es la vigesimo \r\n\r\nsexta pregunta que realizo en esta categoría? ¿Esta es la vigesimo sexta \r\n\r\npregunta que realizo en esta categoría? ¿Esta es la vigesimo sexta pregunta que \r\n\r\nrealizo en esta categoría? ¿Esta es la vigesimo sexta pregunta que realizo en \r\n\r\nesta categoría? ¿Esta es la vigesimo sexta pregunta que realizo en esta \r\n\r\ncategoría? ¿Esta es la vigesimo sexta pregunta que realizo en esta categoría?', 1, 2, '2014-06-07 21:50:43', 1),
(33, '¿Esta es la vigesimo septima pregunta que realizo en esta categoría?', '¿Esta es la vigesimo septima pregunta que realizo en esta categoría? ¿Esta es \r\n\r\nla vigesimo septima pregunta que realizo en esta categoría? ¿Esta es la vigesimo \r\n\r\nseptima pregunta que realizo en esta categoría? ¿Esta es la vigesimo septima \r\n\r\npregunta que realizo en esta categoría? ¿Esta es la vigesimo septima pregunta \r\n\r\nque realizo en esta categoría? ¿Esta es la vigesimo septima pregunta que realizo \r\n\r\nen esta categoría? ¿Esta es la vigesimo septima pregunta que realizo en esta \r\n\r\ncategoría? ¿Esta es la vigesimo septima pregunta que realizo en esta categoría? \r\n\r\n¿Esta es la vigesimo septima pregunta que realizo en esta categoría? ¿Esta es la \r\n\r\nvigesimo septima pregunta que realizo en esta categoría? ¿Esta es la vigesimo \r\n\r\nseptima pregunta que realizo en esta categoría? ¿Esta es la vigesimo septima \r\n\r\npregunta que realizo en esta categoría? ¿Esta es la vigesimo septima pregunta \r\n\r\nque realizo en esta categoría? ¿Esta es la vigesimo septima pregunta que realizo \r\n\r\nen esta categoría? ¿Esta es la vigesimo septima pregunta que realizo en esta \r\n\r\ncategoría? ¿Esta es la vigesimo septima pregunta que realizo en esta \r\n\r\ncategoría?', 1, 2, '2014-06-07 21:50:43', 1),
(34, '¿Esta es la vigesimo octava pregunta que realizo en esta categoría?', '¿Esta es la vigesimo octava pregunta que realizo en esta categoría? ¿Esta es la \r\n\r\nvigesimo octava pregunta que realizo en esta categoría? ¿Esta es la vigesimo \r\n\r\noctava pregunta que realizo en esta categoría? ¿Esta es la vigesimo octava \r\n\r\npregunta que realizo en esta categoría? ¿Esta es la vigesimo octava pregunta que \r\n\r\nrealizo en esta categoría? ¿Esta es la vigesimo octava pregunta que realizo en \r\n\r\nesta categoría? ¿Esta es la vigesimo octava pregunta que realizo en esta \r\n\r\ncategoría? ¿Esta es la vigesimo octava pregunta que realizo en esta categoría? \r\n\r\n¿Esta es la vigesimo octava pregunta que realizo en esta categoría? ¿Esta es la \r\n\r\nvigesimo octava pregunta que realizo en esta categoría? ¿Esta es la vigesimo \r\n\r\noctava pregunta que realizo en esta categoría? ¿Esta es la vigesimo octava \r\n\r\npregunta que realizo en esta categoría? ¿Esta es la vigesimo octava pregunta que \r\n\r\nrealizo en esta categoría? ¿Esta es la vigesimo octava pregunta que realizo en \r\n\r\nesta categoría? ¿Esta es la vigesimo octava pregunta que realizo en esta \r\n\r\ncategoría? ¿Esta es la vigesimo octava pregunta que realizo en esta categoría?', 1, 2, '2014-06-07 21:50:43', 1),
(35, '¿Esta es la vigesimo novena pregunta que realizo en esta categoría?', '¿Esta es la vigesimo novena pregunta que realizo en esta categoría? ¿Esta es la \r\n\r\nvigesimo novena pregunta que realizo en esta categoría? ¿Esta es la vigesimo \r\n\r\nnovena pregunta que realizo en esta categoría? ¿Esta es la vigesimo novena \r\n\r\npregunta que realizo en esta categoría? ¿Esta es la vigesimo novena pregunta que \r\n\r\nrealizo en esta categoría? ¿Esta es la vigesimo novena pregunta que realizo en \r\n\r\nesta categoría? ¿Esta es la vigesimo novena pregunta que realizo en esta \r\n\r\ncategoría? ¿Esta es la vigesimo novena pregunta que realizo en esta categoría? \r\n\r\n¿Esta es la vigesimo novena pregunta que realizo en esta categoría? ¿Esta es la \r\n\r\nvigesimo novena pregunta que realizo en esta categoría? ¿Esta es la vigesimo \r\n\r\nnovena pregunta que realizo en esta categoría? ¿Esta es la vigesimo novena \r\n\r\npregunta que realizo en esta categoría? ¿Esta es la vigesimo novena pregunta que \r\n\r\nrealizo en esta categoría? ¿Esta es la vigesimo novena pregunta que realizo en \r\n\r\nesta categoría? ¿Esta es la vigesimo novena pregunta que realizo en esta \r\n\r\ncategoría? ¿Esta es la vigesimo novena pregunta que realizo en esta categoría?', 1, 2, '2014-06-07 21:50:43', 1),
(36, '¿Esta es la trigesima pregunta que realizo en esta categoría?', '¿Esta es \r\n\r\nla trigesima pregunta que realizo en esta categoría? ¿Esta es la trigesima \r\n\r\npregunta que realizo en esta categoría? ¿Esta es la trigesima pregunta que \r\n\r\nrealizo en esta categoría? ¿Esta es la trigesima pregunta que realizo en esta \r\n\r\ncategoría? ¿Esta es la trigesima pregunta que realizo en esta categoría? ¿Esta \r\n\r\nes la trigesima pregunta que realizo en esta categoría? ¿Esta es la trigesima \r\n\r\npregunta que realizo en esta categoría? ¿Esta es la trigesima pregunta que \r\n\r\nrealizo en esta categoría? ¿Esta es la trigesima pregunta que realizo en esta \r\n\r\ncategoría? ¿Esta es la trigesima pregunta que realizo en esta categoría? ¿Esta \r\n\r\nes la trigesima pregunta que realizo en esta categoría? ¿Esta es la trigesima \r\n\r\npregunta que realizo en esta categoría? ¿Esta es la trigesima pregunta que \r\n\r\nrealizo en esta categoría? ¿Esta es la trigesima pregunta que realizo en esta \r\n\r\ncategoría? ¿Esta es la trigesima pregunta que realizo en esta categoría? ¿Esta \r\n\r\nes la trigesima pregunta que realizo en esta categoría?', 1, 2, '2014-06-07 21:50:43', 1),
(37, '¿Esta es la trigesima primera pregunta que realizo en esta categoría?', '¿Esta es la trigesima primera pregunta que realizo en esta categoría? ¿Esta es \r\n\r\nla trigesima primera pregunta que realizo en esta categoría? ¿Esta es la \r\n\r\ntrigesima primera pregunta que realizo en esta categoría? ¿Esta es la trigesima \r\n\r\nprimera pregunta que realizo en esta categoría? ¿Esta es la trigesima primera \r\n\r\npregunta que realizo en esta categoría? ¿Esta es la trigesima primera pregunta \r\n\r\nque realizo en esta categoría? ¿Esta es la trigesima primera pregunta que \r\n\r\nrealizo en esta categoría? ¿Esta es la trigesima primera pregunta que realizo en \r\n\r\nesta categoría? ¿Esta es la trigesima primera pregunta que realizo en esta \r\n\r\ncategoría? ¿Esta es la trigesima primera pregunta que realizo en esta categoría? \r\n\r\n¿Esta es la trigesima primera pregunta que realizo en esta categoría? ¿Esta es \r\n\r\nla trigesima primera pregunta que realizo en esta categoría? ¿Esta es la \r\n\r\ntrigesima primera pregunta que realizo en esta categoría? ¿Esta es la trigesima \r\n\r\nprimera pregunta que realizo en esta categoría? ¿Esta es la trigesima primera \r\n\r\npregunta que realizo en esta categoría? ¿Esta es la trigesima primera pregunta \r\n\r\nque realizo en esta categoría?', 1, 2, '2014-06-07 21:50:43', 1),
(38, 'Esta es la pregunta que contiene respuestas ', 'Esta es la pregunta que \r\n\r\ncontiene respuestas Esta es la pregunta que contiene respuestas Esta es la \r\n\r\npregunta que contiene respuestas Esta es la pregunta que contiene respuestas \r\n\r\nEsta es la pregunta que contiene respuestas Esta es la pregunta que contiene \r\n\r\nrespuestas Esta es la pregunta que contiene respuestas Esta es la pregunta que \r\n\r\ncontiene respuestas Esta es la pregunta que contiene respuestas Esta es la \r\n\r\npregunta que contiene respuestas Esta es la pregunta que contiene respuestas \r\n\r\nEsta es la pregunta que contiene respuestas Esta es la pregunta que contiene \r\n\r\nrespuestas Esta es la pregunta que contiene respuestas Esta es la pregunta que \r\n\r\ncontiene respuestas Esta es la pregunta que contiene respuestas Esta es la \r\n\r\npregunta que contiene respuestas Esta es la pregunta que contiene respuestas \r\n\r\nEsta es la pregunta que contiene respuestas Esta es la pregunta que contiene \r\n\r\nrespuestas Esta es la pregunta que contiene respuestas Esta es la pregunta que \r\n\r\ncontiene respuestas Esta es la pregunta que contiene respuestas Esta es la \r\n\r\npregunta que contiene respuestas Esta es la pregunta que contiene respuestas \r\n\r\nEsta es la pregunta que contiene respuestas Esta es la pregunta que contiene \r\n\r\nrespuestas Esta es la pregunta que contiene respuestas Esta es la pregunta que \r\n\r\ncontiene respuestas Esta es la pregunta que contiene respuestas Esta es la \r\n\r\npregunta que contiene respuestas Esta es la pregunta que contiene respuestas \r\n\r\nEsta es la pregunta que contiene respuestas Esta es la pregunta que contiene \r\n\r\nrespuestas ', 2, 3, '2014-06-08 00:35:22', 51);

-- --------------------------------------------------------

--
-- Estructura de tabla para la tabla `users`
--

CREATE TABLE IF NOT EXISTS `users` (
  `iduser` int(11) NOT NULL AUTO_INCREMENT,
  `nick` varchar(20) COLLATE utf8_spanish_ci NOT NULL,
  `pass` varchar(32) COLLATE utf8_spanish_ci NOT NULL,
  `mail` varchar(100) COLLATE utf8_spanish_ci NOT NULL,
  `birthday` date DEFAULT NULL,
  `country` varchar(20) COLLATE utf8_spanish_ci NOT NULL,
  `idpermission` int(11) NOT NULL,
  `avatar` varchar(100) COLLATE utf8_spanish_ci NOT NULL,
  PRIMARY KEY (`iduser`,`nick`),
  UNIQUE KEY `iduser` (`iduser`)
) ENGINE=InnoDB  DEFAULT CHARSET=utf8 COLLATE=utf8_spanish_ci AUTO_INCREMENT=6 ;

--
-- Volcado de datos para la tabla `users`
--

INSERT INTO `users` (`iduser`, `nick`, `pass`, `mail`, `birthday`, `country`, `idpermission`, `avatar`) VALUES
(1, 'administrador', '91f5167c34c400758115c2a6826ec2e3', 'administrador@mepregunto.com', '2000-01-01', 'España', 2, 'img/avatar/avatar.jpg'),
(2, 'usuario1', '122b738600a0f74f7c331c0ef59bc34c', 'usuario1@mepregunto.com', '1996-03-28', 'España', 1, 'img/avatar/avatar.jpg'),
(3, 'usuario2', '2fb6c8d2f3842a5ceaa9bf320e649ff0', 'usuario2@mepregunto.com', '1985-05-25', 'España', 1, 'img/avatar/avatar.jpg'),
(4, 'usuario3', '5a54c609c08a0ab3f7f8eef1365bfda6', 'usuario3@mepregunto.com', '1997-11-29', 'España', 1, 'img/avatar/avatar.jpg'),
(5, 'usuario4', '0ddd0fbf933b170eb6d90987a67d0a5d', 'usuario4@mepregunto.com', '1966-10-30', 'España', 1, 'img/avatar/avatar.jpg');

--
-- Restricciones para tablas volcadas
--

--
-- Filtros para la tabla `answers`
--
ALTER TABLE `answers`
  ADD CONSTRAINT `answers_ibfk_1` FOREIGN KEY (`idautor`) REFERENCES `users` (`iduser`) ON DELETE CASCADE ON UPDATE CASCADE,
  ADD CONSTRAINT `answers_ibfk_2` FOREIGN KEY (`idquestion`) REFERENCES `questions` (`idquestion`) ON DELETE CASCADE ON UPDATE CASCADE;

--
-- Filtros para la tabla `likes`
--
ALTER TABLE `likes`
  ADD CONSTRAINT `likes_ibfk_1` FOREIGN KEY (`idanswer`) REFERENCES `answers` (`idanswer`) ON DELETE CASCADE ON UPDATE CASCADE,
  ADD CONSTRAINT `likes_ibfk_2` FOREIGN KEY (`iduser`) REFERENCES `users` (`iduser`) ON DELETE CASCADE ON UPDATE CASCADE;

--
-- Filtros para la tabla `questions`
--
ALTER TABLE `questions`
  ADD CONSTRAINT `questions_ibfk_1` FOREIGN KEY (`idcategory`) REFERENCES `categories` (`idcategory`) ON DELETE CASCADE ON UPDATE CASCADE,
  ADD CONSTRAINT `questions_ibfk_2` FOREIGN KEY (`idautor`) REFERENCES `users` (`iduser`) ON DELETE CASCADE ON UPDATE CASCADE;

/*!40101 SET CHARACTER_SET_CLIENT=@OLD_CHARACTER_SET_CLIENT */;
/*!40101 SET CHARACTER_SET_RESULTS=@OLD_CHARACTER_SET_RESULTS */;
/*!40101 SET COLLATION_CONNECTION=@OLD_COLLATION_CONNECTION */;
